"address","caller","timeStamp","blockNumber","gasUsed","gasPrice","gas","alias","itxs","input","method","properties","features"
"0xf324a8f3e0dbed9059e5acbfc6c53a31a82b6afb","0x4ca389faad549add7124f2b215266ce162d964e7",1586839485,7713731,557513,100000,557513,"Gaster","[]","0x608060405234801561001057600080fd5b50610922806100206000396000f3fe608060405234801561001057600080fd5b50600436106100575760003560e01c806361bc221a1461005c578063975057e71461007a578063c5d1c995146100fd578063f32ca301146101c2578063febb0f7e14610287575b600080fd5b610064610291565b6040518082815260200191505060405180910390f35b610082610297565b6040518080602001828103825283818151815260200191508051906020019080838360005b838110156100c25780820151818401526020810190506100a7565b50505050905090810190601f1680156100ef5780820380516001836020036101000a031916815260200191505b509250505060405180910390f35b6101c06004803603604081101561011357600080fd5b81019080803590602001909291908035906020019064010000000081111561013a57600080fd5b82018360208201111561014c57600080fd5b8035906020019184600183028401116401000000008311171561016e57600080fd5b91908080601f016020809104026020016040519081016040528093929190818152602001838380828437600081840152601f19601f820116905080830192505050505050509192919290505050610335565b005b610285600480360360408110156101d857600080fd5b8101908080359060200190929190803590602001906401000000008111156101ff57600080fd5b82018360208201111561021157600080fd5b8035906020019184600183028401116401000000008311171561023357600080fd5b91908080601f016020809104026020016040519081016040528093929190818152602001838380828437600081840152601f19601f820116905080830192505050505050509192919290505050610360565b005b61028f61045d565b005b60015481565b60028054600181600116156101000203166002900480601f01602080910402602001604051908101604052809291908181526020018280546001816001161561010002031660029004801561032d5780601f106103025761010080835404028352916020019161032d565b820191906000526020600020905b81548152906001019060200180831161031057829003601f168201915b505050505081565b81600160008282540192505081905550806002908051906020019061035b9291906104c7565b505050565b6000809054906101000a900473ffffffffffffffffffffffffffffffffffffffff1673ffffffffffffffffffffffffffffffffffffffff1663c5d1c99583836040518363ffffffff1660e01b81526004018083815260200180602001828103825283818151815260200191508051906020019080838360005b838110156103f45780820151818401526020810190506103d9565b50505050905090810190601f1680156104215780820380516001836020036101000a031916815260200191505b509350505050600060405180830381600087803b15801561044157600080fd5b505af1158015610455573d6000803e3d6000fd5b505050505050565b60405161046990610547565b604051809103906000f080158015610485573d6000803e3d6000fd5b506000806101000a81548173ffffffffffffffffffffffffffffffffffffffff021916908373ffffffffffffffffffffffffffffffffffffffff160217905550565b828054600181600116156101000203166002900490600052602060002090601f016020900481019282601f1061050857805160ff1916838001178555610536565b82800160010185558215610536579182015b8281111561053557825182559160200191906001019061051a565b5b5090506105439190610554565b5090565b6103748061057a83390190565b61057691905b8082111561057257600081600090555060010161055a565b5090565b9056fe608060405234801561001057600080fd5b50610354806100206000396000f3fe608060405234801561001057600080fd5b50600436106100415760003560e01c806361bc221a14610046578063975057e714610064578063c5d1c995146100e7575b600080fd5b61004e6101ac565b6040518082815260200191505060405180910390f35b61006c6101b2565b6040518080602001828103825283818151815260200191508051906020019080838360005b838110156100ac578082015181840152602081019050610091565b50505050905090810190601f1680156100d95780820380516001836020036101000a031916815260200191505b509250505060405180910390f35b6101aa600480360360408110156100fd57600080fd5b81019080803590602001909291908035906020019064010000000081111561012457600080fd5b82018360208201111561013657600080fd5b8035906020019184600183028401116401000000008311171561015857600080fd5b91908080601f016020809104026020016040519081016040528093929190818152602001838380828437600081840152601f19601f820116905080830192505050505050509192919290505050610250565b005b60005481565b60018054600181600116156101000203166002900480601f0160208091040260200160405190810160405280929190818152602001828054600181600116156101000203166002900480156102485780601f1061021d57610100808354040283529160200191610248565b820191906000526020600020905b81548152906001019060200180831161022b57829003601f168201915b505050505081565b816000808282540192505081905550806001908051906020019061027592919061027a565b505050565b828054600181600116156101000203166002900490600052602060002090601f016020900481019282601f106102bb57805160ff19168380011785556102e9565b828001600101855582156102e9579182015b828111156102e85782518255916020019190600101906102cd565b5b5090506102f691906102fa565b5090565b61031c91905b80821115610318576000816000905550600101610300565b5090565b9056fea265627a7a72315820ae146278a54cbea2efcb9a5b637060ee10460b19591821fbc47f8e46a93b6c4464736f6c63430005110032a265627a7a723158205e7540c99e7363a8dafcacc9dab1c8cac8b0e821e6ca4734c9d1381dfaa293f664736f6c63430005110032","Contract creation Gaster","{}","[]"
"0xf324a8f3e0dbed9059e5acbfc6c53a31a82b6afb","0x4ca389faad549add7124f2b215266ce162d964e7",1586839616,7713738,245028,100000,245028,"Gaster","[{""from"":""0xf324a8f3e0dbed9059e5acbfc6c53a31a82b6afb"",""to"":"""",""contractAddress"":""0x43c685a1a11b8310a21b876d6c7099db62b4dcc9"",""type"":""create"",""input"":"""",""timeStamp"":""1586839616""}]","0xfebb0f7e","bar","{}","[]"
"0xf324a8f3e0dbed9059e5acbfc6c53a31a82b6afb","0x4ca389faad549add7124f2b215266ce162d964e7",1586839708,7713744,64262,100000,64262,"Gaster","[]","0xc5d1c995000000000000000000000000000000000000000000000000000000000000000a0000000000000000000000000000000000000000000000000000000000000040000000000000000000000000000000000000000000000000000000000000000568656c6c6f000000000000000000000000000000000000000000000000000000","foo","{""term"":""a"",""_store"":""hello""}","[{""name"":""_store"",""type"":""length"",""value"":5}]"
"0xf324a8f3e0dbed9059e5acbfc6c53a31a82b6afb","0x4ca389faad549add7124f2b215266ce162d964e7",1586839797,7713747,67628,100000,68260,"Gaster","[{""from"":""0xf324a8f3e0dbed9059e5acbfc6c53a31a82b6afb"",""to"":""0x43c685a1a11b8310a21b876d6c7099db62b4dcc9"",""contractAddress"":"""",""type"":""call"",""input"":"""",""timeStamp"":""1586839797""}]","0xf32ca3010000000000000000000000000000000000000000000000000000000000000064000000000000000000000000000000000000000000000000000000000000004000000000000000000000000000000000000000000000000000000000000000026869000000000000000000000000000000000000000000000000000000000000","qux","{""term"":""64"",""_store"":""hi""}","[{""name"":""_store"",""type"":""length"",""value"":2}]"
"0xf324a8f3e0dbed9059e5acbfc6c53a31a82b6afb","0x4ca389faad549add7124f2b215266ce162d964e7",1589637525,7914309,230028,159066620,230028,"Gaster","[{""from"":""0xf324a8f3e0dbed9059e5acbfc6c53a31a82b6afb"",""to"":"""",""contractAddress"":""0x3082d11db83838932030533f5e2d559fe0fdf889"",""type"":""create"",""input"":"""",""timeStamp"":""1589637525""}]","0xfebb0f7e","bar","{}","[]"
"0xf324a8f3e0dbed9059e5acbfc6c53a31a82b6afb","0x4ca389faad549add7124f2b215266ce162d964e7",1589637525,7914309,19913,159066620,36313,"Gaster","[]","0xc5d1c995000000000000000000000000000000000000000000000000000000000000000100000000000000000000000000000000000000000000000000000000000000400000000000000000000000000000000000000000000000000000000000000000","foo","{""term"":""1"",""_store"":""""}","[{""name"":""_store"",""type"":""length"",""value"":0}]"
"0xf324a8f3e0dbed9059e5acbfc6c53a31a82b6afb","0x4ca389faad549add7124f2b215266ce162d964e7",1589716378,7919877,230028,119299965,230028,"Gaster","[{""from"":""0xf324a8f3e0dbed9059e5acbfc6c53a31a82b6afb"",""to"":"""",""contractAddress"":""0xee4f778c434332ba0912ab4ca308c9cf20389c3f"",""type"":""create"",""input"":"""",""timeStamp"":""1589716378""}]","0xfebb0f7e","bar","{}","[]"
"0xf324a8f3e0dbed9059e5acbfc6c53a31a82b6afb","0x4ca389faad549add7124f2b215266ce162d964e7",1589716409,7919879,29856,119299965,31226,"Gaster","[]","0xc5d1c995000000000000000000000000000000000000000000000000000000000000000a00000000000000000000000000000000000000000000000000000000000000400000000000000000000000000000000000000000000000000000000000000000","foo","{""term"":""a"",""_store"":""""}","[{""name"":""_store"",""type"":""length"",""value"":0}]"
"0xf324a8f3e0dbed9059e5acbfc6c53a31a82b6afb","0x4ca389faad549add7124f2b215266ce162d964e7",1589716423,7919880,48058,119299965,49776,"Gaster","[{""from"":""0xf324a8f3e0dbed9059e5acbfc6c53a31a82b6afb"",""to"":""0xee4f778c434332ba0912ab4ca308c9cf20389c3f"",""contractAddress"":"""",""type"":""call"",""input"":"""",""timeStamp"":""1589716423""}]","0xf32ca301000000000000000000000000000000000000000000000000000000000000000f00000000000000000000000000000000000000000000000000000000000000400000000000000000000000000000000000000000000000000000000000000000","qux","{""term"":""f"",""_store"":""""}","[{""name"":""_store"",""type"":""length"",""value"":0}]"
"0xf324a8f3e0dbed9059e5acbfc6c53a31a82b6afb","0x4ca389faad549add7124f2b215266ce162d964e7",1589716437,7919882,33058,119299965,49776,"Gaster","[{""from"":""0xf324a8f3e0dbed9059e5acbfc6c53a31a82b6afb"",""to"":""0xee4f778c434332ba0912ab4ca308c9cf20389c3f"",""contractAddress"":"""",""type"":""call"",""input"":"""",""timeStamp"":""1589716437""}]","0xf32ca301000000000000000000000000000000000000000000000000000000000000000a00000000000000000000000000000000000000000000000000000000000000400000000000000000000000000000000000000000000000000000000000000000","qux","{""term"":""a"",""_store"":""""}","[{""name"":""_store"",""type"":""length"",""value"":0}]"
"0xf324a8f3e0dbed9059e5acbfc6c53a31a82b6afb","0x4ca389faad549add7124f2b215266ce162d964e7",1589716444,7919883,230028,119299965,230028,"Gaster","[{""from"":""0xf324a8f3e0dbed9059e5acbfc6c53a31a82b6afb"",""to"":"""",""contractAddress"":""0x7c184080643e3177bb7498c61c1d9fb2f862aade"",""type"":""create"",""input"":"""",""timeStamp"":""1589716444""}]","0xfebb0f7e","bar","{}","[]"