date,ethUsdRate
2020-03-04,224.57
2020-03-03,230.52
2020-03-02,218.71
2020-03-01,219.75
2020-02-29,226.83
2020-02-28,226.99
2020-02-27,225.69
2020-02-26,247.74
2020-02-25,265.28
2020-02-24,273.71
2020-02-23,262.28
2020-02-22,265.55
2020-02-21,257.89
2020-02-20,259.82
2020-02-19,282.04
2020-02-18,266.51
2020-02-17,259.89
2020-02-16,264.90
2020-02-15,284.56
2020-02-14,268.02
2020-02-13,265.05
2020-02-12,235.90
2020-02-11,223.38
2020-02-10,228.55
2020-02-09,222.98
2020-02-08,222.51
2020-02-07,212.32
2020-02-06,204.13
2020-02-05,189.30
2020-02-04,189.86
2020-02-03,188.61
2020-02-02,183.53
2020-02-01,180.11
2020-01-31,184.74
2020-01-30,174.92
2020-01-29,176.35
2020-01-28,170.88
2020-01-27,168.01
2020-01-26,161.18
2020-01-25,163.07
2020-01-24,162.90
2020-01-23,168.30
2020-01-22,169.61
2020-01-21,167.06
2020-01-20,166.90
2020-01-19,175.47
2020-01-18,170.75
2020-01-17,164.49
2020-01-16,166.33
2020-01-15,165.73
2020-01-14,144.25
2020-01-13,146.22
2020-01-12,143.03
2020-01-11,143.41
2020-01-10,138.97
2020-01-09,141.16
2020-01-08,143.49
2020-01-07,144.31
2020-01-06,136.31
2020-01-05,135.07
2020-01-04,134.17
2020-01-03,127.41
2020-01-02,130.82
2020-01-01,129.63
2019-12-31,132.61
2019-12-30,134.80
2019-12-29,128.27
2019-12-28,127.21
2019-12-27,126.37
2019-12-26,126.49
2019-12-25,129.07
2019-12-24,128.63
2019-12-23,132.31
2019-12-22,128.10
2019-12-21,129.10
2019-12-20,129.38
2019-12-19,133.05
2019-12-18,122.66
2019-12-17,133.65
2019-12-16,143.14
2019-12-15,142.86
2019-12-14,144.95
2019-12-13,145.66
2019-12-12,143.62
2019-12-11,146.32
2019-12-10,148.18
2019-12-09,151.22
2019-12-08,148.74
2019-12-07,149.20
2019-12-06,149.40
2019-12-05,146.69
2019-12-04,147.92
2019-12-03,149.06
2019-12-02,151.18
2019-12-01,152.49
2019-11-30,155.29
2019-11-29,151.77
2019-11-28,153.07
2019-11-27,148.40
2019-11-26,146.40
2019-11-25,142.70
2019-11-24,153.43
2019-11-23,150.21
2019-11-22,161.51
2019-11-21,175.67
2019-11-20,177.42
2019-11-19,180.50
2019-11-18,185.04
2019-11-17,183.35
2019-11-16,180.50
2019-11-15,186.06
2019-11-14,188.27
2019-11-13,186.94
2019-11-12,185.56
2019-11-11,189.50
2019-11-10,184.94
2019-11-09,184.31
2019-11-08,187.92
2019-11-07,191.50
2019-11-06,189.11
2019-11-05,186.31
2019-11-04,182.32
2019-11-03,183.99
2019-11-02,184.02
2019-11-01,183.80
2019-10-31,184.80
2019-10-30,190.34
2019-10-29,182.67
2019-10-28,184.40
2019-10-27,179.93
2019-10-26,181.67
2019-10-25,162.19
2019-10-24,162.51
2019-10-23,172.26
2019-10-22,174.91
2019-10-21,175.52
2019-10-20,172.97
2019-10-19,173.65
2019-10-18,177.99
2019-10-17,175.91
2019-10-16,181.34
2019-10-15,186.98
2019-10-14,182.03
2019-10-13,180.86
2019-10-12,182.53
2019-10-11,191.80
2019-10-10,193.19
2019-10-09,182.04
2019-10-08,181.11
2019-10-07,172.94
2019-10-06,176.36
2019-10-05,176.95
2019-10-04,175.24
2019-10-03,180.70
2019-10-02,177.22
2019-10-01,180.21
2019-09-30,170.46
2019-09-29,174.61
2019-09-28,174.68
2019-09-27,166.65
2019-09-26,170.76
2019-09-25,168.13
2019-09-24,201.84
2019-09-23,211.71
2019-09-22,215.49
2019-09-21,217.90
2019-09-20,221.07
2019-09-19,211.25
2019-09-18,208.05
2019-09-17,197.11
2019-09-16,189.69
2019-09-15,188.07
2019-09-14,181.32
2019-09-13,180.98
2019-09-12,178.80
2019-09-11,179.84
2019-09-10,181.21
2019-09-09,181.36
2019-09-08,178.28
2019-09-07,169.96
2019-09-06,174.17
2019-09-05,175.97
2019-09-04,179.49
2019-09-03,178.36
2019-09-02,171.70
2019-09-01,172.46
2019-08-31,168.89
2019-08-30,169.49
2019-08-29,173.96
2019-08-28,187.50
2019-08-27,188.95
2019-08-26,186.74
2019-08-25,191.23
2019-08-24,194.67
2019-08-23,191.11
2019-08-22,186.94
2019-08-21,196.62
2019-08-20,202.81
2019-08-19,194.56
2019-08-18,185.84
2019-08-17,185.53
2019-08-16,188.64
2019-08-15,186.68
2019-08-14,208.60
2019-08-13,211.34
2019-08-12,216.06
2019-08-11,206.73
2019-08-10,210.53
2019-08-09,220.91
2019-08-08,226.52
2019-08-07,225.93
2019-08-06,234.25
2019-08-05,222.65
2019-08-04,222.58
2019-08-03,217.90
2019-08-02,217.88
2019-08-01,218.55
2019-07-31,210.49
2019-07-30,211.34
2019-07-29,211.12
2019-07-28,207.41
2019-07-27,219.62
2019-07-26,219.63
2019-07-25,216.97
2019-07-24,212.55
2019-07-23,217.57
2019-07-22,225.70
2019-07-21,229.17
2019-07-20,221.41
2019-07-19,226.66
2019-07-18,211.44
2019-07-17,199.07
2019-07-16,229.75
2019-07-15,227.97
2019-07-14,269.28
2019-07-13,276.29
2019-07-12,268.69
2019-07-11,289.95
2019-07-10,308.85
2019-07-09,313.33
2019-07-08,305.73
2019-07-07,287.60
2019-07-06,287.89
2019-07-05,284.38
2019-07-04,303.03
2019-07-03,291.76
2019-07-02,293.54
2019-07-01,290.27
2019-06-30,319.58
2019-06-29,311.28
2019-06-28,294.14
2019-06-27,336.96
2019-06-26,317.99
2019-06-25,310.68
2019-06-24,307.72
2019-06-23,309.42
2019-06-22,295.12
2019-06-21,271.74
2019-06-20,269.41
2019-06-19,265.06
2019-06-18,274.32
2019-06-17,269.09
2019-06-16,268.90
2019-06-15,263.93
2019-06-14,256.18
2019-06-13,260.91
2019-06-12,245.93
2019-06-11,247.86
2019-06-10,232.83
2019-06-09,245.54
2019-06-08,251.25
2019-06-07,249.34
2019-06-06,246.93
2019-06-05,241.50
2019-06-04,252.51
2019-06-03,270.09
2019-06-02,265.51
2019-06-01,268.43
2019-05-31,256.02
2019-05-30,269.55
2019-05-29,271.78
2019-05-28,272.59
2019-05-27,267.14
2019-05-26,251.72
2019-05-25,249.69
2019-05-24,245.99
2019-05-23,244.67
2019-05-22,255.00
2019-05-21,251.65
2019-05-20,261.27
2019-05-19,234.45
2019-05-18,243.91
2019-05-17,263.85
2019-05-16,246.94
2019-05-15,217.01
2019-05-14,196.74
2019-05-13,187.42
2019-05-12,194.16
2019-05-11,173.14
2019-05-10,170.31
2019-05-09,170.95
2019-05-08,169.90
2019-05-07,172.43
2019-05-06,163.34
2019-05-05,164.02
2019-05-04,167.89
2019-05-03,162.08
2019-05-02,160.85
2019-05-01,162.19
2019-04-30,155.17
2019-04-29,157.29
2019-04-28,158.50
2019-04-27,156.27
2019-04-26,154.58
2019-04-25,165.91
2019-04-24,171.35
2019-04-23,172.01
2019-04-22,170.02
2019-04-21,173.72
2019-04-20,173.72
2019-04-19,173.79
2019-04-18,166.91
2019-04-17,167.55
2019-04-16,161.53
2019-04-15,167.90
2019-04-14,164.48
2019-04-13,164.62
2019-04-12,165.34
2019-04-11,177.34
2019-04-10,176.07
2019-04-09,180.22
2019-04-08,174.45
2019-04-07,165.98
2019-04-06,165.51
2019-04-05,158.02
2019-04-04,161.43
2019-04-03,164.01
2019-04-02,141.84
2019-04-01,141.47
2019-03-31,142.14
2019-03-30,142.36
2019-03-29,139.34
2019-03-28,141.01
2019-03-27,135.45
2019-03-26,135.05
2019-03-25,137.08
2019-03-24,138.32
2019-03-23,137.04
2019-03-22,136.56
2019-03-21,140.48
2019-03-20,140.48
2019-03-19,139.25
2019-03-18,140.10
2019-03-17,142.24
2019-03-16,137.91
2019-03-15,133.57
2019-03-14,133.20
2019-03-13,134.61
2019-03-12,134.01
2019-03-11,136.85
2019-03-10,138.18
2019-03-09,134.89
2019-03-08,138.31
2019-03-07,138.94
2019-03-06,137.96
2019-03-05,127.79
2019-03-04,132.16
2019-03-03,134.79
2019-03-02,136.35
2019-03-01,136.84
2019-02-28,136.28
2019-02-27,138.03
2019-02-26,139.65
2019-02-25,135.50
2019-02-24,158.90
2019-02-23,148.68
2019-02-22,146.07
2019-02-21,149.35
2019-02-20,145.17
2019-02-19,146.40
2019-02-18,133.03
2019-02-17,123.18
2019-02-16,122.40
2019-02-15,121.45
2019-02-14,122.42
2019-02-13,122.54
2019-02-12,121.18
2019-02-11,124.87
2019-02-10,119.41
2019-02-09,119.21
2019-02-08,104.65
2019-02-07,104.84
2019-02-06,107.57
2019-02-05,107.63
2019-02-04,107.63
2019-02-03,110.49
2019-02-02,107.47
2019-02-01,107.15
2019-01-31,108.90
2019-01-30,105.41
2019-01-29,106.72
2019-01-28,113.29
2019-01-27,116.51
2019-01-26,116.37
2019-01-25,117.59
2019-01-24,117.46
2019-01-23,118.71
2019-01-22,117.11
2019-01-21,119.64
2019-01-20,124.63
2019-01-19,121.61
2019-01-18,123.65
2019-01-17,123.57
2019-01-16,121.81
2019-01-15,129.17
2019-01-14,116.98
2019-01-13,125.91
2019-01-12,127.53
2019-01-11,127.81
2019-01-10,150.84
2019-01-09,150.55
2019-01-08,151.97
2019-01-07,157.81
2019-01-06,155.80
2019-01-05,154.34
2019-01-04,148.91
2019-01-03,155.20
2019-01-02,141.52
2019-01-01,133.42
2018-12-31,140.03
2018-12-30,137.63
2018-12-29,138.47
2018-12-28,116.90
2018-12-27,131.92
2018-12-26,129.89
2018-12-25,141.00
2018-12-24,130.64
2018-12-23,117.27
2018-12-22,109.46
2018-12-21,115.84
2018-12-20,101.09
2018-12-19,101.68
2018-12-18,95.11
2018-12-17,85.38
2018-12-16,84.47
2018-12-15,84.28
2018-12-14,86.63
2018-12-13,90.66
2018-12-12,88.61
2018-12-11,91.58
2018-12-10,94.99
2018-12-09,92.04
2018-12-08,93.41
2018-12-07,91.65
2018-12-06,102.45
2018-12-05,110.34
2018-12-04,108.80
2018-12-03,116.38
2018-12-02,118.27
2018-12-01,113.40
2018-11-30,117.73
2018-11-29,122.72
2018-11-28,110.20
2018-11-27,107.91
2018-11-26,116.34
2018-11-25,113.13
2018-11-24,123.30
2018-11-23,126.42
2018-11-22,136.81
2018-11-21,131.14
2018-11-20,148.81
2018-11-19,177.18
2018-11-18,174.18
2018-11-17,175.36
2018-11-16,180.87
2018-11-15,181.90
2018-11-14,206.53
2018-11-13,210.15
2018-11-12,211.51
2018-11-11,212.48
2018-11-10,209.98
2018-11-09,211.99
2018-11-08,217.33
2018-11-07,218.90
2018-11-06,209.47
2018-11-05,207.10
2018-11-04,200.16
2018-11-03,200.74
2018-11-02,198.98
2018-11-01,197.54
2018-10-31,197.65
2018-10-30,197.20
2018-10-29,205.17
2018-10-28,204.51
2018-10-27,203.36
2018-10-26,202.34
2018-10-25,203.87
2018-10-24,204.13
2018-10-23,204.02
2018-10-22,205.17
2018-10-21,205.39
2018-10-20,203.52
2018-10-19,203.26
2018-10-18,207.40
2018-10-17,210.22
2018-10-16,209.63
2018-10-15,195.27
2018-10-14,199.69
2018-10-13,196.36
2018-10-12,188.71
2018-10-11,225.61
2018-10-10,227.62
2018-10-09,229.71
2018-10-08,226.51
2018-10-07,225.44
2018-10-06,227.55
2018-10-05,222.27
2018-10-04,220.45
2018-10-03,226.41
2018-10-02,231.10
2018-10-01,233.22
2018-09-30,231.33
2018-09-29,221.71
2018-09-28,229.04
2018-09-27,215.44
2018-09-26,218.65
2018-09-25,228.33
2018-09-24,244.84
2018-09-23,240.99
2018-09-22,247.34
2018-09-21,225.25
2018-09-20,210.29
2018-09-19,209.47
2018-09-18,197.10
2018-09-17,221.58
2018-09-16,222.80
2018-09-15,209.81
2018-09-14,212.67
2018-09-13,183.68
2018-09-12,185.42
2018-09-11,198.18
2018-09-10,197.85
2018-09-09,198.39
2018-09-08,217.91
2018-09-07,229.54
2018-09-06,231.65
2018-09-05,286.05
2018-09-04,289.30
2018-09-03,295.18
2018-09-02,295.45
2018-09-01,283.50
2018-08-31,284.12
2018-08-30,289.75
2018-08-29,296.16
2018-08-28,286.65
2018-08-27,275.35
2018-08-26,279.53
2018-08-25,283.28
2018-08-24,278.11
2018-08-23,271.75
2018-08-22,281.97
2018-08-21,273.33
2018-08-20,301.38
2018-08-19,295.67
2018-08-18,316.79
2018-08-17,287.68
2018-08-16,282.74
2018-08-15,280.39
2018-08-14,286.37
2018-08-13,320.21
2018-08-12,320.82
2018-08-11,334.26
2018-08-10,365.78
2018-08-09,356.97
2018-08-08,379.89
2018-08-07,406.80
2018-08-06,410.57
2018-08-05,407.35
2018-08-04,418.24
2018-08-03,412.57
2018-08-02,420.81
2018-08-01,433.87
2018-07-31,457.25
2018-07-30,466.83
2018-07-29,466.92
2018-07-28,469.68
2018-07-27,464.01
2018-07-26,472.33
2018-07-25,479.91
2018-07-24,451.14
2018-07-23,459.44
2018-07-22,462.44
2018-07-21,450.68
2018-07-20,469.31
2018-07-19,480.63
2018-07-18,500.84
2018-07-17,480.08
2018-07-16,450.42
2018-07-15,435.88
2018-07-14,434.51
2018-07-13,430.74
2018-07-12,446.50
2018-07-11,434.52
2018-07-10,476.16
2018-07-09,488.88
2018-07-08,492.07
2018-07-07,474.06
2018-07-06,474.36
2018-07-05,467.29
2018-07-04,464.15
2018-07-03,475.39
2018-07-02,453.82
2018-07-01,455.24
2018-06-30,436.21
2018-06-29,422.59
2018-06-28,442.29
2018-06-27,432.24
2018-06-26,460.73
2018-06-25,455.94
2018-06-24,474.77
2018-06-23,466.27
2018-06-22,527.19
2018-06-21,536.45
2018-06-20,538.51
2018-06-19,519.02
2018-06-18,499.38
2018-06-17,499.46
2018-06-16,490.41
2018-06-15,520.48
2018-06-14,478.38
2018-06-13,498.02
2018-06-12,532.71
2018-06-11,524.86
2018-06-10,594.34
2018-06-09,600.91
2018-06-08,605.44
2018-06-07,607.69
2018-06-06,610.26
2018-06-05,593.41
2018-06-04,619.44
2018-06-03,591.26
2018-06-02,580.43
2018-06-01,578.67
2018-05-31,558.50
2018-05-30,566.83
2018-05-29,516.15
2018-05-28,573.04
2018-05-27,588.52
2018-05-26,587.43
2018-05-25,602.14
2018-05-24,584.54
2018-05-23,646.67
2018-05-22,700.18
2018-05-21,717.19
2018-05-20,697.92
2018-05-19,695.07
2018-05-18,672.10
2018-05-17,708.72
2018-05-16,708.09
2018-05-15,731.14
2018-05-14,732.73
2018-05-13,687.17
2018-05-12,679.88
2018-05-11,727.01
2018-05-10,752.58
2018-05-09,752.90
2018-05-08,755.01
2018-05-07,793.34
2018-05-06,816.09
2018-05-05,784.58
2018-05-04,776.78
2018-05-03,686.59
2018-05-02,674.08
2018-05-01,670.46
2018-04-30,689.76
2018-04-29,683.91
2018-04-28,644.65
2018-04-27,662.11
2018-04-26,618.08
2018-04-25,707.06
2018-04-24,643.40
2018-04-23,621.20
2018-04-22,606.12
2018-04-21,616.00
2018-04-20,567.99
2018-04-19,524.04
2018-04-18,503.31
2018-04-17,511.14
2018-04-16,532.07
2018-04-15,502.88
2018-04-14,492.58
2018-04-13,493.16
2018-04-12,430.16
2018-04-11,415.02
2018-04-10,399.41
2018-04-09,400.86
2018-04-08,385.74
2018-04-07,370.38
2018-04-06,382.73
2018-04-05,379.95
2018-04-04,416.48
2018-04-03,387.31
2018-04-02,379.70
2018-04-01,397.25
2018-03-31,395.00
2018-03-30,385.90
2018-03-29,448.08
2018-03-28,450.29
2018-03-27,489.59
2018-03-26,524.29
2018-03-25,522.70
2018-03-24,542.57
2018-03-23,539.86
2018-03-22,562.10
2018-03-21,559.10
2018-03-20,556.72
2018-03-19,546.63
2018-03-18,551.64
2018-03-17,601.68
2018-03-16,611.78
2018-03-15,614.84
2018-03-14,691.22
2018-03-13,698.15
2018-03-12,724.41
2018-03-11,685.31
2018-03-10,730.16
2018-03-09,702.20
2018-03-08,752.57
2018-03-07,816.27
2018-03-06,853.82
2018-03-05,866.85
2018-03-04,856.19
2018-03-03,856.71
2018-03-02,871.76
2018-03-01,856.01
2018-02-28,877.93
2018-02-27,870.36
2018-02-26,845.28
2018-02-25,839.46
2018-02-24,861.59
2018-02-23,811.59
2018-02-22,849.26
2018-02-21,894.14
2018-02-20,943.57
2018-02-19,921.67
2018-02-18,973.35
2018-02-17,944.75
2018-02-16,934.79
2018-02-15,923.73
2018-02-14,844.28
2018-02-13,869.29
2018-02-12,817.51
2018-02-11,859.29
2018-02-10,882.47
2018-02-09,818.48
2018-02-08,755.84
2018-02-07,790.43
2018-02-06,707.74
2018-02-05,834.96
2018-02-04,964.67
2018-02-03,919.21
2018-02-02,1035.77
2018-02-01,1119.37
2018-01-31,1071.09
2018-01-30,1184.13
2018-01-29,1246.70
2018-01-28,1111.78
2018-01-27,1055.75
2018-01-26,1052.70
2018-01-25,1063.22
2018-01-24,987.48
2018-01-23,1004.17
2018-01-22,1055.35
2018-01-21,1155.68
2018-01-20,1044.95
2018-01-19,1028.82
2018-01-18,1016.44
2018-01-17,1061.34
2018-01-16,1292.63
2018-01-15,1365.21
2018-01-14,1397.48
2018-01-13,1270.47
2018-01-12,1158.29
2018-01-11,1268.09
2018-01-10,1300.34
2018-01-09,1146.00
2018-01-08,1158.26
2018-01-07,1043.01
2018-01-06,995.15
2018-01-05,975.75
2018-01-04,961.71
2018-01-03,886.00
2018-01-02,772.35
2018-01-01,755.76
2017-12-31,712.21
2017-12-30,753.82
2017-12-29,740.39
2017-12-28,762.21
2017-12-27,774.97
2017-12-26,763.37
2017-12-25,698.87
2017-12-24,721.77
2017-12-23,681.32
2017-12-22,822.64
2017-12-21,820.24
2017-12-20,827.52
2017-12-19,793.90
2017-12-18,721.73
2017-12-17,696.24
2017-12-16,686.19
2017-12-15,696.38
2017-12-14,700.59
2017-12-13,644.91
2017-12-12,522.29
2017-12-11,440.36
2017-12-10,472.79
2017-12-09,457.34
2017-12-08,434.99
2017-12-07,426.37
2017-12-06,462.60
2017-12-05,470.29
2017-12-04,466.05
2017-12-03,463.70
2017-12-02,466.85
2017-12-01,445.21
2017-11-30,431.21
2017-11-29,473.28
2017-11-28,480.52
2017-11-27,471.53
2017-11-26,465.97
2017-11-25,475.68
2017-11-24,412.50
2017-11-23,381.44
2017-11-22,360.31
2017-11-21,367.44
2017-11-20,354.09
2017-11-19,347.40
2017-11-18,331.98
2017-11-17,330.17
2017-11-16,333.44
2017-11-15,337.96
2017-11-14,316.76
2017-11-13,307.02
2017-11-12,314.69
2017-11-11,298.59
2017-11-10,320.67
2017-11-09,308.64
2017-11-08,294.27
2017-11-07,298.57
2017-11-06,296.43
2017-11-05,300.04
2017-11-04,305.48
2017-11-03,288.50
2017-11-02,290.73
2017-11-01,305.76
2017-10-31,307.38
2017-10-30,304.78
2017-10-29,296.38
2017-10-28,297.92
2017-10-27,296.51
2017-10-26,298.02
2017-10-25,298.44
2017-10-24,287.12
2017-10-23,295.10
2017-10-22,300.55
2017-10-21,303.57
2017-10-20,308.05
2017-10-19,314.54
2017-10-18,316.94
2017-10-17,333.48
2017-10-16,336.71
2017-10-15,339.53
2017-10-14,338.85
2017-10-13,304.08
2017-10-12,303.50
2017-10-11,301.18
2017-10-10,297.60
2017-10-09,308.67
2017-10-08,311.06
2017-10-07,308.89
2017-10-06,295.15
2017-10-05,292.77
2017-10-04,292.75
2017-10-03,297.48
2017-10-02,302.48
2017-10-01,301.55
2017-09-30,291.48
2017-09-29,299.12
2017-09-28,306.47
2017-09-27,287.02
2017-09-26,292.35
2017-09-25,282.22
2017-09-24,286.21
2017-09-23,264.60
2017-09-22,258.11
2017-09-21,283.26
2017-09-20,282.02
2017-09-19,293.66
2017-09-18,252.23
2017-09-17,245.85
2017-09-16,250.87
2017-09-15,215.22
2017-09-14,276.59
2017-09-13,291.12
2017-09-12,294.63
2017-09-11,289.74
2017-09-10,294.06
2017-09-09,296.17
2017-09-08,329.64
2017-09-07,333.52
2017-09-06,313.80
2017-09-05,297.57
2017-09-04,347.13
2017-09-03,350.23
2017-09-02,387.82
2017-09-01,383.47
2017-08-31,378.44
2017-08-30,369.47
2017-08-29,347.96
2017-08-28,350.04
2017-08-27,334.36
2017-08-26,331.99
2017-08-25,326.11
2017-08-24,317.45
2017-08-23,315.27
2017-08-22,321.05
2017-08-21,300.48
2017-08-20,296.64
2017-08-19,296.18
2017-08-18,301.70
2017-08-17,302.80
2017-08-16,289.82
2017-08-15,299.95
2017-08-14,298.03
2017-08-13,310.37
2017-08-12,308.71
2017-08-11,294.49
2017-08-10,296.96
2017-08-09,297.63
2017-08-08,269.10
2017-08-07,261.24
2017-08-06,256.42
2017-08-05,222.85
2017-08-04,225.31
2017-08-03,220.18
2017-08-02,227.01
2017-08-01,204.69
2017-07-31,197.40
2017-07-30,206.74
2017-07-29,193.34
2017-07-28,204.32
2017-07-27,204.86
2017-07-26,207.09
2017-07-25,224.37
2017-07-24,226.29
2017-07-23,229.12
2017-07-22,217.86
2017-07-21,226.06
2017-07-20,205.42
2017-07-19,234.94
2017-07-18,195.03
2017-07-17,159.99
2017-07-16,169.57
2017-07-15,199.71
2017-07-14,209.53
2017-07-13,231.81
2017-07-12,197.15
2017-07-11,211.52
2017-07-10,243.01
2017-07-09,251.82
2017-07-08,245.89
2017-07-07,270.35
2017-07-06,268.86
2017-07-05,273.10
2017-07-04,282.19
2017-07-03,288.41
2017-07-02,275.12
2017-07-01,293.35
2017-06-30,303.15
2017-06-29,328.37
2017-06-28,293.04
2017-06-27,272.69
2017-06-26,302.95
2017-06-25,323.47
2017-06-24,341.63
2017-06-23,336.48
2017-06-22,337.73
2017-06-21,359.54
2017-06-20,370.33
2017-06-19,371.86
2017-06-18,379.52
2017-06-17,369.88
2017-06-16,361.18
2017-06-15,358.51
2017-06-14,397.59
2017-06-13,395.69
2017-06-12,341.16
2017-06-11,338.79
2017-06-10,282.01
2017-06-09,261.75
2017-06-08,257.99
2017-06-07,264.26
2017-06-06,248.60
2017-06-05,245.26
2017-06-04,224.12
2017-06-03,223.46
2017-06-02,222.29
2017-06-01,230.89
2017-05-31,231.58
2017-05-30,195.61
2017-05-29,170.13
2017-05-28,158.82
2017-05-27,159.82
2017-05-26,175.22
2017-05-25,189.85
2017-05-24,182.65
2017-05-23,170.82
2017-05-22,158.17
2017-05-21,127.54
2017-05-20,129.22
2017-05-19,97.05
2017-05-18,89.84
2017-05-17,89.25
2017-05-16,92.39
2017-05-15,90.78
2017-05-14,90.87
2017-05-13,88.69
2017-05-12,89.43
2017-05-11,89.77
2017-05-10,91.15
2017-05-09,91.23
2017-05-08,93.75
2017-05-07,97.87
2017-05-06,94.91
2017-05-05,96.73
2017-05-04,79.72
2017-05-03,77.25
2017-05-02,76.65
2017-05-01,79.32
2017-04-30,68.54
2017-04-29,71.39
2017-04-28,62.23
2017-04-27,52.81
2017-04-26,49.91
2017-04-25,50.07
2017-04-24,48.87
2017-04-23,48.59
2017-04-22,48.18
2017-04-21,49.64
2017-04-20,48.13
2017-04-19,50.73
2017-04-18,48.32
2017-04-17,48.66
2017-04-16,49.04
2017-04-15,47.65
2017-04-14,49.97
2017-04-13,46.31
2017-04-12,43.46
2017-04-11,43.50
2017-04-10,43.28
2017-04-09,44.28
2017-04-08,41.80
2017-04-07,42.87
2017-04-06,45.22
2017-04-05,44.66
2017-04-04,43.92
2017-04-03,48.82
2017-04-02,50.74
2017-04-01,50.03
2017-03-31,51.75
2017-03-30,53.12
2017-03-29,50.57
2017-03-28,49.71
2017-03-27,51.31
2017-03-26,50.77
2017-03-25,53.58
2017-03-24,43.64
2017-03-23,42.57
2017-03-22,43.12
2017-03-21,43.51
2017-03-20,44.83
2017-03-19,35.53
2017-03-18,46.87
2017-03-17,45.93
2017-03-16,35.36
2017-03-15,28.65
2017-03-14,28.57
2017-03-13,23.50
2017-03-12,21.46
2017-03-11,19.37
2017-03-10,17.74
2017-03-09,16.64
2017-03-08,18.88
2017-03-07,19.58
2017-03-06,19.28
2017-03-05,18.50
2017-03-04,19.52
2017-03-03,19.04
2017-03-02,17.36
2017-03-01,15.85
2017-02-28,15.45
2017-02-27,14.51
2017-02-26,13.52
2017-02-25,13.06
2017-02-24,13.13
2017-02-23,12.60
2017-02-22,12.69
2017-02-21,12.34
2017-02-20,12.77
2017-02-19,12.82
2017-02-18,12.71
2017-02-17,12.90
2017-02-16,12.92
2017-02-15,13.04
2017-02-14,11.29
2017-02-13,11.38
2017-02-12,11.35
2017-02-11,11.29
2017-02-10,11.05
2017-02-09,11.44
2017-02-08,11.54
2017-02-07,11.43
2017-02-06,11.35
2017-02-05,11.44
2017-02-04,11.13
2017-02-03,10.81
2017-02-02,10.74
2017-02-01,10.74
2017-01-31,10.56
2017-01-30,10.49
2017-01-29,10.56
2017-01-28,10.54
2017-01-27,10.58
2017-01-26,10.57
2017-01-25,10.62
2017-01-24,10.73
2017-01-23,10.71
2017-01-22,10.91
2017-01-21,10.60
2017-01-20,10.39
2017-01-19,10.24
2017-01-18,10.30
2017-01-17,9.64
2017-01-16,9.88
2017-01-15,9.83
2017-01-14,9.79
2017-01-13,9.83
2017-01-12,9.72
2017-01-11,10.54
2017-01-10,10.37
2017-01-09,10.31
2017-01-08,9.87
2017-01-07,10.24
2017-01-06,10.29
2017-01-05,11.29
2017-01-04,9.71
2017-01-03,8.37
2017-01-02,8.17
2017-01-01,7.98
2016-12-31,8.15
2016-12-30,8.29
2016-12-29,7.54
2016-12-28,7.15
2016-12-27,7.28
2016-12-26,7.13
2016-12-25,7.26
2016-12-24,7.15
2016-12-23,7.58
2016-12-22,7.90
2016-12-21,7.66
2016-12-20,7.63
2016-12-19,7.87
2016-12-18,7.86
2016-12-17,7.86
2016-12-16,7.86
2016-12-15,8.24
2016-12-14,8.45
2016-12-13,8.52
2016-12-12,8.19
2016-12-11,8.13
2016-12-10,8.44
2016-12-09,8.17
2016-12-08,8.38
2016-12-07,7.89
2016-12-06,6.80
2016-12-05,7.41
2016-12-04,7.90
2016-12-03,7.77
2016-12-02,8.46
2016-12-01,8.60
2016-11-30,8.16
2016-11-29,8.73
2016-11-28,9.00
2016-11-27,9.31
2016-11-26,9.42
2016-11-25,9.23
2016-11-24,9.85
2016-11-23,9.92
2016-11-22,9.63
2016-11-21,9.58
2016-11-20,9.66
2016-11-19,9.48
2016-11-18,9.99
2016-11-17,10.06
2016-11-16,10.22
2016-11-15,9.97
2016-11-14,10.10
2016-11-13,9.89
2016-11-12,10.29
2016-11-11,10.51
2016-11-10,10.67
2016-11-09,10.82
2016-11-08,10.85
2016-11-07,10.90
2016-11-06,10.99
2016-11-05,11.09
2016-11-04,10.82
2016-11-03,10.80
2016-11-02,10.77
2016-11-01,10.96
2016-10-31,11.23
2016-10-30,10.43
2016-10-29,11.10
2016-10-28,11.47
2016-10-27,11.53
2016-10-26,11.38
2016-10-25,11.97
2016-10-24,12.04
2016-10-23,12.13
2016-10-22,12.18
2016-10-21,12.13
2016-10-20,12.05
2016-10-19,12.59
2016-10-18,12.00
2016-10-17,11.96
2016-10-16,11.98
2016-10-15,11.94
2016-10-14,11.99
2016-10-13,11.91
2016-10-12,11.78
2016-10-11,11.76
2016-10-10,12.06
2016-10-09,12.22
2016-10-08,12.67
2016-10-07,12.85
2016-10-06,13.03
2016-10-05,13.28
2016-10-04,13.45
2016-10-03,13.20
2016-10-02,13.18
2016-10-01,13.20
2016-09-30,13.08
2016-09-29,13.28
2016-09-28,13.11
2016-09-27,12.86
2016-09-26,13.17
2016-09-25,12.85
2016-09-24,13.32
2016-09-23,13.21
2016-09-22,13.66
2016-09-21,14.43
2016-09-20,13.21
2016-09-19,12.44
2016-09-18,12.69
2016-09-17,12.56
2016-09-16,11.96
2016-09-15,11.94
2016-09-14,11.90
2016-09-13,11.89
2016-09-12,11.64
2016-09-11,12.21
2016-09-10,11.66
2016-09-09,11.41
2016-09-08,11.55
2016-09-07,11.69
2016-09-06,11.73
2016-09-05,11.68
2016-09-04,11.75
2016-09-03,12.11
2016-09-02,11.96
2016-09-01,11.67
2016-08-31,11.24
2016-08-30,10.99
2016-08-29,10.92
2016-08-28,11.15
2016-08-27,11.29
2016-08-26,11.35
2016-08-25,11.03
2016-08-24,11.02
2016-08-23,11.14
2016-08-22,11.19
2016-08-21,11.25
2016-08-20,10.75
2016-08-19,10.75
2016-08-18,10.75
2016-08-17,11.13
2016-08-16,11.23
2016-08-15,11.20
2016-08-14,11.58
2016-08-13,11.77
2016-08-12,11.69
2016-08-11,12.14
2016-08-10,12.23
2016-08-09,11.27
2016-08-08,10.91
2016-08-07,10.86
2016-08-06,10.92
2016-08-05,11.02
2016-08-04,10.31
2016-08-03,8.88
2016-08-02,10.95
2016-08-01,11.89
2016-07-31,12.44
2016-07-30,12.80
2016-07-29,12.84
2016-07-28,12.98
2016-07-27,12.05
2016-07-26,13.82
2016-07-25,12.74
2016-07-24,14.30
2016-07-23,14.67
2016-07-22,12.66
2016-07-21,12.46
2016-07-20,11.59
2016-07-19,11.05
2016-07-18,11.17
2016-07-17,11.62
2016-07-16,11.92
2016-07-15,11.50
2016-07-14,10.60
2016-07-13,10.51
2016-07-12,10.45
2016-07-11,10.94
2016-07-10,10.96
2016-07-09,11.42
2016-07-08,10.12
2016-07-07,10.54
2016-07-06,10.58
2016-07-05,11.46
2016-07-04,11.70
2016-07-03,12.12
2016-07-02,12.22
2016-07-01,12.44
2016-06-30,12.60
2016-06-29,12.17
2016-06-28,13.93
2016-06-27,13.81
2016-06-26,14.26
2016-06-25,14.30
2016-06-24,13.68
2016-06-23,13.22
2016-06-22,13.20
2016-06-21,11.82
2016-06-20,12.24
2016-06-19,11.17
2016-06-18,15.38
2016-06-17,20.65
2016-06-16,18.36
2016-06-15,18.91
2016-06-14,17.61
2016-06-13,15.77
2016-06-12,14.19
2016-06-11,13.91
2016-06-10,14.38
2016-06-09,14.43
2016-06-08,14.51
2016-06-07,13.95
2016-06-06,14.00
2016-06-05,13.76
2016-06-04,13.86
2016-06-03,13.74
2016-06-02,13.99
2016-06-01,14.11
2016-05-31,12.74
2016-05-30,12.33
2016-05-29,12.11
2016-05-28,11.33
2016-05-27,12.39
2016-05-26,12.52
2016-05-25,12.79
2016-05-24,13.31
2016-05-23,14.28
2016-05-22,14.04
2016-05-21,13.69
2016-05-20,14.85
2016-05-19,13.54
2016-05-18,12.18
2016-05-17,11.19
2016-05-16,9.97
2016-05-15,10.24
2016-05-14,10.51
2016-05-13,10.06
2016-05-12,10.00
2016-05-11,9.43
2016-05-10,9.28
2016-05-09,9.49
2016-05-08,9.37
2016-05-07,9.32
2016-05-06,9.81
2016-05-05,9.40
2016-05-04,9.38
2016-05-03,10.17
2016-05-02,8.89
2016-05-01,8.78
2016-04-30,7.45
2016-04-29,7.21
2016-04-28,7.74
2016-04-27,7.39
2016-04-26,7.53
2016-04-25,8.01
2016-04-24,8.29
2016-04-23,7.79
2016-04-22,8.15
2016-04-21,8.45
2016-04-20,8.69
2016-04-19,9.08
2016-04-18,9.33
2016-04-17,8.62
2016-04-16,8.24
2016-04-15,8.39
2016-04-14,8.08
2016-04-13,7.44
2016-04-12,8.64
2016-04-11,8.94
2016-04-10,9.15
2016-04-09,9.69
2016-04-08,10.08
2016-04-07,10.70
2016-04-06,10.45
2016-04-05,11.21
2016-04-04,11.62
2016-04-03,11.63
2016-04-02,11.63
2016-04-01,11.40
2016-03-31,11.92
2016-03-30,11.61
2016-03-29,11.75
2016-03-28,10.43
2016-03-27,10.99
2016-03-26,10.77
2016-03-25,11.26
2016-03-24,12.44
2016-03-23,11.33
2016-03-22,11.88
2016-03-21,10.30
2016-03-20,10.52
2016-03-19,11.20
2016-03-18,11.11
2016-03-17,12.56
2016-03-16,13.02
2016-03-15,13.00
2016-03-14,14.51
2016-03-13,13.51
2016-03-12,11.13
2016-03-11,11.22
2016-03-10,11.88
2016-03-09,9.79
2016-03-08,9.58
2016-03-07,11.43
2016-03-06,11.20
2016-03-05,10.37
2016-03-04,9.24
2016-03-03,8.44
2016-03-02,7.63
2016-03-01,6.32
2016-02-29,6.46
2016-02-28,6.41
2016-02-27,5.96
2016-02-26,6.04
2016-02-25,6.19
2016-02-24,5.60
2016-02-23,5.68
2016-02-22,4.66
2016-02-21,4.36
2016-02-20,4.68
2016-02-19,4.38
2016-02-18,3.77
2016-02-17,4.29
2016-02-16,5.33
2016-02-15,5.33
2016-02-14,5.40
2016-02-13,5.69
2016-02-12,5.95
2016-02-11,4.50
2016-02-10,4.00
2016-02-09,3.17
2016-02-08,2.97
2016-02-07,2.54
2016-02-06,2.53
2016-02-05,2.57
2016-02-04,2.53
2016-02-03,2.43
2016-02-02,2.22
2016-02-01,2.32
2016-01-31,2.44
2016-01-30,2.51
2016-01-29,2.54
2016-01-28,2.41
2016-01-27,2.25
2016-01-26,2.53
2016-01-25,2.15
2016-01-24,1.90
2016-01-23,1.50
2016-01-22,1.55
2016-01-21,1.53
2016-01-20,1.36
2016-01-19,1.42
2016-01-18,1.33
2016-01-17,1.22
2016-01-16,1.22
2016-01-15,1.18
2016-01-14,1.12
2016-01-13,1.14
2016-01-12,1.07
2016-01-11,1.00
2016-01-10,0.99
2016-01-09,0.99
2016-01-08,0.94
2016-01-07,0.96
2016-01-06,0.95
2016-01-05,0.95
2016-01-04,0.97
2016-01-03,0.94
2016-01-02,0.95
2016-01-01,0.93
2015-12-31,0.91
2015-12-30,0.87
2015-12-29,0.84
2015-12-28,0.86
2015-12-27,0.85
2015-12-26,0.87
2015-12-25,0.86
2015-12-24,0.86
2015-12-23,0.86
2015-12-22,0.89
2015-12-21,0.91
2015-12-20,0.91
2015-12-19,0.92
2015-12-18,0.94
2015-12-17,0.99
2015-12-16,1.02
2015-12-15,0.99
2015-12-14,0.96
2015-12-13,0.97
2015-12-12,0.93
2015-12-11,0.84
2015-12-10,0.80
2015-12-09,0.82
2015-12-08,0.81
2015-12-07,0.84
2015-12-06,0.87
2015-12-05,0.84
2015-12-04,0.81
2015-12-03,0.82
2015-12-02,0.87
2015-12-01,0.88
2015-11-30,0.88
2015-11-29,0.91
2015-11-28,0.87
2015-11-27,0.88
2015-11-26,0.86
2015-11-25,0.89
2015-11-24,0.95
2015-11-23,0.97
2015-11-22,0.98
2015-11-21,0.93
2015-11-20,0.96
2015-11-19,0.99
2015-11-18,0.99
2015-11-17,0.92
2015-11-16,0.91
2015-11-15,0.89
2015-11-14,0.91
2015-11-13,0.91
2015-11-12,0.80
2015-11-11,0.94
2015-11-10,1.00
2015-11-09,1.03
2015-11-08,0.92
2015-11-07,0.92
2015-11-06,0.90
2015-11-05,0.90
2015-11-04,1.01
2015-11-03,0.99
2015-11-02,1.06
2015-11-01,0.92
2015-10-31,1.05
2015-10-30,1.21
2015-10-29,1.01
2015-10-28,0.87
2015-10-27,0.71
2015-10-26,0.62
2015-10-25,0.56
2015-10-24,0.54
2015-10-23,0.57
2015-10-22,0.44
2015-10-21,0.43
2015-10-20,0.49
2015-10-19,0.52
2015-10-18,0.55
2015-10-17,0.53
2015-10-16,0.56
2015-10-15,0.52
2015-10-14,0.61
2015-10-13,0.63
2015-10-12,0.63
2015-10-11,0.63
2015-10-10,0.64
2015-10-09,0.66
2015-10-08,0.61
2015-10-07,0.65
2015-10-06,0.62
2015-10-05,0.67
2015-10-04,0.69
2015-10-03,0.68
2015-10-02,0.68
2015-10-01,0.73
2015-09-30,0.66
2015-09-29,0.58
2015-09-28,0.72
2015-09-27,0.79
2015-09-26,0.74
2015-09-25,0.82
2015-09-24,0.90
2015-09-23,0.90
2015-09-22,0.92
2015-09-21,0.94
2015-09-20,0.88
2015-09-19,0.85
2015-09-18,0.87
2015-09-17,0.91
2015-09-16,0.94
2015-09-15,0.88
2015-09-14,0.94
2015-09-13,1.04
2015-09-12,0.99
2015-09-11,1.16
2015-09-10,1.21
2015-09-09,1.24
2015-09-08,1.25
2015-09-07,1.30
2015-09-06,1.34
2015-09-05,1.28
2015-09-04,1.26
2015-09-03,1.30
2015-09-02,1.35
2015-09-01,1.35
2015-08-31,1.32
2015-08-30,1.18
2015-08-29,1.19
2015-08-28,1.15
2015-08-27,1.17
2015-08-26,1.13
2015-08-25,1.23
2015-08-24,1.35
2015-08-23,1.38
2015-08-22,1.40
2015-08-21,1.48
2015-08-20,1.25
2015-08-19,1.17
2015-08-18,1.22
2015-08-17,1.58
2015-08-16,1.68
2015-08-15,1.80
2015-08-14,1.81
2015-08-13,1.22
2015-08-12,1.06
2015-08-11,0.71
2015-08-10,0.71
2015-08-09,0.71
2015-08-08,2.79
2015-08-07,2.83